dt,x,y,position,velocity,acceleration,jerk,heading
0.020000,7.467472,4.916213,0.000004,0.000400,0.020000,1.000000,1.569120
0.020000,7.467472,4.916215,0.000006,0.000125,-0.013758,-1.687898,1.569129
0.020000,7.467472,4.916221,0.000012,0.000281,0.007803,1.078042,1.569148
0.020000,7.467472,4.916231,0.000022,0.000499,0.010925,0.156104,1.569182
0.020000,7.467472,4.916247,0.000038,0.000780,0.014048,0.156174,1.569235
0.020000,7.467472,4.916269,0.000060,0.001124,0.017174,0.156290,1.569311
0.020000,7.467472,4.916300,0.000091,0.001530,0.020303,0.156462,1.569414
0.020000,7.467472,4.916340,0.000131,0.001999,0.023438,0.156702,1.569550
0.020000,7.467472,4.916390,0.000181,0.002530,0.026578,0.157020,1.569721
0.020000,7.467472,4.916453,0.000244,0.003125,0.029726,0.157429,1.569933
0.020000,7.467472,4.916528,0.000320,0.003782,0.032885,0.157939,1.570190
0.020000,7.467472,4.916618,0.000410,0.004504,0.036057,0.158562,1.570495
0.020000,7.467472,4.916832,0.000623,0.010694,0.309524,13.673361,1.570854
0.020000,7.467472,4.917740,0.001531,0.045371,1.733854,71.216516,1.571270
0.020000,7.467471,4.918781,0.002572,0.052065,0.334693,-69.958030,1.571749
0.020000,7.467470,4.919965,0.003756,0.059213,0.357423,1.136474,1.572294
0.020000,7.467467,4.921303,0.005095,0.066910,0.384841,1.370917,1.572910
0.020000,7.467464,4.922804,0.006595,0.075020,0.405471,1.031472,1.573603
0.020000,7.467458,4.924476,0.008267,0.083583,0.428155,1.134218,1.574376
0.020000,7.467451,4.926329,0.010121,0.092689,0.455332,1.358861,1.575235
0.020000,7.467441,4.928373,0.012164,0.102186,0.474840,0.975380,1.576184
0.020000,7.467427,4.930617,0.014408,0.112211,0.501215,1.318772,1.577229
0.020000,7.467410,4.933071,0.016863,0.122714,0.525149,1.196706,1.578374
0.020000,7.467388,4.935744,0.019536,0.133646,0.546599,1.072454,1.579626
0.020000,7.467361,4.938646,0.022437,0.145077,0.571579,1.249012,1.580989
0.020000,7.467326,4.941786,0.025578,0.157053,0.598771,1.359627,1.582469
0.020000,7.467284,4.945175,0.028967,0.169459,0.620301,1.076495,1.584073
0.020000,7.467233,4.948822,0.032614,0.182354,0.644770,1.223438,1.585805
0.020000,7.467170,4.952736,0.036529,0.195741,0.669359,1.229468,1.587673
0.020000,7.467095,4.956929,0.040722,0.209640,0.694953,1.279691,1.589683
0.020000,7.467006,4.961409,0.045203,0.224068,0.721390,1.321841,1.591842
0.020000,7.466900,4.966187,0.049982,0.238942,0.743714,1.116178,1.594156
0.020000,7.466775,4.971271,0.055069,0.254313,0.768524,1.240526,1.596634
0.020000,7.466628,4.976676,0.060475,0.270306,0.799657,1.556630,1.599283
0.020000,7.466456,4.982407,0.066208,0.286691,0.819277,0.981028,1.602111
0.020000,7.466257,4.988477,0.072282,0.303678,0.849353,1.503784,1.605126
0.020000,7.466026,4.994897,0.078706,0.321200,0.876094,1.337078,1.608339
0.020000,7.465760,5.001676,0.085491,0.339226,0.901297,1.260131,1.611757
0.020000,7.465454,5.008826,0.092647,0.357810,0.929167,1.393510,1.615392
0.020000,7.465103,5.016357,0.100186,0.376946,0.956806,1.381920,1.619253
0.020000,7.464703,5.024279,0.108118,0.396629,0.984180,1.368735,1.623352
0.020000,7.464247,5.032606,0.116458,0.416976,1.017338,1.657887,1.627701
0.020000,7.463729,5.041347,0.125214,0.437788,1.040610,1.163595,1.632311
0.020000,7.463142,5.050514,0.134399,0.459285,1.074828,1.710902,1.637197
0.020000,7.462478,5.060117,0.144026,0.481319,1.101686,1.342881,1.642372
0.020000,7.461730,5.070169,0.154106,0.504006,1.134351,1.633273,1.647851
0.020000,7.460887,5.080682,0.164653,0.527340,1.166704,1.617644,1.653650
0.020000,7.459941,5.091668,0.175679,0.551314,1.198704,1.599980,1.659786
0.020000,7.458880,5.103137,0.187197,0.575920,1.230311,1.580394,1.666276
0.020000,7.457693,5.115104,0.199222,0.601244,1.266190,1.793906,1.673140
0.020000,7.456367,5.127573,0.211762,0.626978,1.286727,1.026869,1.680394
0.020000,7.454889,5.140549,0.224822,0.653024,1.302269,0.777109,1.688056
0.020000,7.453245,5.154034,0.238407,0.679244,1.311021,0.437587,1.696141
0.020000,7.451421,5.168031,0.252522,0.705741,1.324820,0.689950,1.704666
0.020000,7.449400,5.182542,0.267173,0.732554,1.340649,0.791430,1.713652
0.020000,7.447167,5.197568,0.282364,0.759554,1.350041,0.469613,1.723115
0.020000,7.444701,5.213113,0.298104,0.786975,1.371038,1.049852,1.733079
0.020000,7.441985,5.229178,0.314396,0.814642,1.383368,0.616533,1.743563
0.020000,7.438996,5.245764,0.331249,0.842640,1.399855,0.824330,1.754591
0.020000,7.435714,5.262872,0.348670,0.871031,1.419566,0.985571,1.766185
0.020000,7.432113,5.280503,0.366664,0.899726,1.434749,0.759129,1.778371
0.020000,7.428168,5.298656,0.385241,0.928832,1.455291,1.027100,1.791173
0.020000,7.423854,5.317329,0.404407,0.958280,1.472419,0.856380,1.804616
0.020000,7.419140,5.336521,0.424169,0.988112,1.491610,0.959555,1.818727
0.020000,7.413996,5.356228,0.444536,1.018357,1.512234,1.031205,1.833531
0.020000,7.408391,5.376444,0.465515,1.048948,1.529553,0.865969,1.849055
0.020000,7.402290,5.397164,0.487114,1.079958,1.550501,1.047401,1.865323
0.020000,7.395657,5.418377,0.509340,1.111281,1.566169,0.783364,1.882361
0.020000,7.388456,5.440073,0.532200,1.143012,1.586534,1.018287,1.900192
0.020000,7.380649,5.462238,0.555699,1.174960,1.597386,0.542591,1.918836
0.020000,7.372194,5.484854,0.579844,1.207237,1.613853,0.823344,1.938311
0.020000,7.363051,5.507901,0.604639,1.239737,1.624986,0.556662,1.958633
0.020000,7.353179,5.531355,0.630086,1.272356,1.630974,0.299392,1.979811
0.020000,7.342536,5.555188,0.656187,1.305042,1.634290,0.165774,2.001850
0.020000,7.331081,5.579365,0.682941,1.337708,1.633309,-0.049038,2.024747
0.020000,7.318775,5.603846,0.710340,1.369965,1.612822,-1.024323,2.048489
0.020000,7.305585,5.628576,0.738368,1.401406,1.572077,-2.037264,2.073049
0.020000,7.291482,5.653501,0.767006,1.431890,1.524182,-2.394749,2.098387
0.020000,7.276441,5.678559,0.796231,1.461276,1.469291,-2.744542,2.124455
0.020000,7.260442,5.703685,0.826019,1.489368,1.404622,-3.233462,2.151195
0.020000,7.243471,5.728810,0.856339,1.515996,1.331401,-3.661041,2.178534
0.020000,7.225521,5.753865,0.887159,1.541039,1.252149,-3.962608,2.206391
0.020000,7.206594,5.778776,0.918446,1.564327,1.164401,-4.387391,2.234674
0.020000,7.186696,5.803473,0.950160,1.585719,1.069613,-4.739425,2.263282
0.020000,7.165847,5.827882,0.982262,1.605094,0.968755,-5.042892,2.292107
0.020000,7.144068,5.851936,1.014710,1.622409,0.865741,-5.150708,2.321033
0.020000,7.121393,5.875568,1.047462,1.637573,0.758199,-5.377094,2.349944
0.020000,7.097860,5.898720,1.080474,1.650589,0.650797,-5.370095,2.378720
0.020000,7.073514,5.921335,1.113703,1.661479,0.544516,-5.314050,2.407244
0.020000,7.048405,5.943368,1.147109,1.670290,0.440542,-5.198708,2.435403
0.020000,7.022584,5.964779,1.180651,1.677114,0.341201,-4.967026,2.463089
0.020000,6.996109,5.985534,1.214293,1.682064,0.247500,-4.685084,2.490202
0.020000,6.969036,6.005612,1.247998,1.685276,0.160566,-4.346684,2.516651
0.020000,6.941422,6.024995,1.281736,1.686898,0.081114,-3.972592,2.542356
0.020000,6.913323,6.043676,1.315478,1.687091,0.009672,-3.572103,2.567247
0.020000,6.884794,6.061652,1.349198,1.686020,-0.053581,-3.162671,2.591264
0.020000,6.855887,6.078929,1.382875,1.683844,-0.108768,-2.759305,2.614362
0.020000,6.826650,6.095517,1.416490,1.680719,-0.156251,-2.374150,2.636501
0.020000,6.797131,6.111431,1.450025,1.676782,-0.196877,-2.031330,2.657654
0.020000,6.767371,6.126690,1.483469,1.672163,-0.230933,-1.702780,2.677803
0.020000,6.737411,6.141316,1.516808,1.666990,-0.258643,-1.385525,2.696936
0.020000,6.707286,6.155333,1.550035,1.661337,-0.282639,-1.199779,2.715049
0.020000,6.677029,6.168770,1.583141,1.655321,-0.300834,-0.909738,2.732143
0.020000,6.646670,6.181653,1.616121,1.648980,-0.317018,-0.809240,2.748224
0.020000,6.616236,6.194012,1.648969,1.642397,-0.329183,-0.608239,2.763303
0.020000,6.585751,6.205877,1.681681,1.635589,-0.340375,-0.559575,2.777391
0.020000,6.555239,6.217277,1.714253,1.628613,-0.348815,-0.422001,2.790505
0.020000,6.524720,6.228243,1.746682,1.621462,-0.357524,-0.435452,2.802659
0.020000,6.494213,6.238803,1.778966,1.614179,-0.364183,-0.332985,2.813871
0.020000,6.463735,6.248988,1.811101,1.606735,-0.372208,-0.401228,2.824159
0.020000,6.433302,6.258826,1.843084,1.599159,-0.378788,-0.329001,2.833540
0.020000,6.402931,6.268346,1.874912,1.591418,-0.387066,-0.413922,2.842029
0.020000,6.372635,6.277575,1.906582,1.583517,-0.395028,-0.398064,2.849644
0.020000,6.342429,6.286539,1.938091,1.575429,-0.404406,-0.468894,2.856399
0.020000,6.312325,6.295267,1.969434,1.567140,-0.414452,-0.502339,2.862307
0.020000,6.282338,6.303782,2.000606,1.558627,-0.425638,-0.559273,2.867380
0.020000,6.252481,6.312110,2.031604,1.549863,-0.438195,-0.627858,2.871628
0.020000,6.222766,6.320276,2.062420,1.540829,-0.451705,-0.675498,2.875061
0.020000,6.193207,6.328303,2.093050,1.531489,-0.467002,-0.764828,2.877684
0.020000,6.163816,6.336214,2.123486,1.521824,-0.483257,-0.812756,2.879502
0.020000,6.134608,6.344031,2.153722,1.511798,-0.501284,-0.901347,2.880519
0.020000,6.105597,6.351776,2.183750,1.501386,-0.520621,-0.966872,2.880735
0.020000,6.076796,6.359472,2.213561,1.490555,-0.541536,-1.045757,2.880149
0.020000,6.048221,6.367137,2.243147,1.479277,-0.563907,-1.118533,2.878758
0.020000,6.019886,6.374792,2.272497,1.467519,-0.587917,-1.200503,2.876556
0.020000,5.991804,6.382457,2.301606,1.455446,-0.603639,-0.786109,2.873535
0.020000,5.963985,6.390154,2.330470,1.443211,-0.611737,-0.404902,2.869685
0.020000,5.936439,6.397901,2.359086,1.430769,-0.622086,-0.517420,2.864991
0.020000,5.909176,6.405720,2.387447,1.418082,-0.634393,-0.615391,2.859438
0.020000,5.882210,6.413629,2.415549,1.405101,-0.649029,-0.731802,2.853004
0.020000,5.855554,6.421647,2.443385,1.391782,-0.665948,-0.845952,2.845667
0.020000,5.829223,6.429791,2.470947,1.378084,-0.684905,-0.947837,2.837402
0.020000,5.803234,6.438080,2.498226,1.363964,-0.705970,-1.053246,2.828180
0.020000,5.777603,6.446529,2.525214,1.349383,-0.729077,-1.155358,2.817969
0.020000,5.752349,6.455154,2.551900,1.334300,-0.754122,-1.252240,2.806735
0.020000,5.727493,6.463972,2.578273,1.318682,-0.780948,-1.341311,2.794443
0.020000,5.703445,6.472718,2.603863,1.279481,-1.960044,-58.954810,2.794787
0.020000,5.673301,6.483496,2.635875,1.600603,16.056140,900.809209,2.801608
0.020000,5.643091,6.494067,2.667882,1.600345,-0.012917,-803.452839,2.808411
0.020000,5.612814,6.504430,2.699883,1.600073,-0.013610,-0.034637,2.815196
0.020000,5.582473,6.514586,2.731879,1.599776,-0.014864,-0.062697,2.821960
0.020000,5.552070,6.524535,2.763868,1.599442,-0.016670,-0.090330,2.828703
0.020000,5.521609,6.534277,2.795849,1.599085,-0.017882,-0.060579,2.835421
0.020000,5.491089,6.543813,2.827824,1.598718,-0.018328,-0.022292,2.842113
0.020000,5.460514,6.553141,2.859790,1.598311,-0.020359,-0.101578,2.848779
0.020000,5.429887,6.562264,2.891747,1.597879,-0.021587,-0.061387,2.855415
0.020000,5.399208,6.571182,2.923696,1.597424,-0.022775,-0.059387,2.862020
0.020000,5.368480,6.579894,2.955635,1.596953,-0.023535,-0.038005,2.868593
0.020000,5.337705,6.588402,2.987564,1.596452,-0.025038,-0.075172,2.875133
0.020000,5.306886,6.596706,3.019483,1.595925,-0.026341,-0.065121,2.881636
0.020000,5.276024,6.604808,3.051390,1.595376,-0.027476,-0.056741,2.888103
0.020000,5.245122,6.612708,3.083286,1.594804,-0.028595,-0.055947,2.894530
0.020000,5.214181,6.620406,3.115170,1.594212,-0.029570,-0.048750,2.900918
0.020000,5.183204,6.627905,3.147042,1.593601,-0.030590,-0.051005,2.907264
0.020000,5.152192,6.635205,3.178902,1.592963,-0.031887,-0.064855,2.913567
0.020000,5.121148,6.642306,3.210748,1.592304,-0.032924,-0.051885,2.919825
0.020000,5.090073,6.649211,3.242580,1.591626,-0.033940,-0.050782,2.926037
0.020000,5.058970,6.655921,3.274399,1.590927,-0.034933,-0.049628,2.932202
0.020000,5.027841,6.662437,3.306203,1.590209,-0.035901,-0.048430,2.938318
0.020000,4.996686,6.668760,3.337992,1.589472,-0.036845,-0.047191,2.944384
0.020000,4.965509,6.674892,3.369767,1.588719,-0.037678,-0.041622,2.950399
0.020000,4.934311,6.680834,3.401526,1.587946,-0.038612,-0.046705,2.956361
0.020000,4.903094,6.686588,3.433269,1.587155,-0.039544,-0.046594,2.962270
0.020000,4.871859,6.692155,3.464996,1.586348,-0.040380,-0.041814,2.968125
0.020000,4.840609,6.697537,3.496706,1.585524,-0.041189,-0.040451,2.973923
0.020000,4.809345,6.702737,3.528400,1.584685,-0.041970,-0.039073,2.979664
0.020000,4.778068,6.707755,3.560077,1.583830,-0.042724,-0.037685,2.985348
0.020000,4.746781,6.712593,3.591736,1.582961,-0.043450,-0.036291,2.990973
0.020000,4.715484,6.717254,3.623377,1.582078,-0.044148,-0.034893,2.996537
0.020000,4.684180,6.721739,3.655001,1.581182,-0.044818,-0.033496,3.002041
0.020000,4.652870,6.726049,3.686606,1.580273,-0.045460,-0.032103,3.007484
0.020000,4.621556,6.730189,3.718194,1.579351,-0.046074,-0.030716,3.012864
0.020000,4.590238,6.734158,3.749762,1.578418,-0.046661,-0.029338,3.018180
0.020000,4.558918,6.737959,3.781311,1.577474,-0.047220,-0.027974,3.023433
0.020000,4.527598,6.741595,3.812842,1.576519,-0.047753,-0.026624,3.028621
0.020000,4.496279,6.745066,3.844353,1.575553,-0.048258,-0.025291,3.033743
0.020000,4.464962,6.748377,3.875844,1.574579,-0.048738,-0.023978,3.038800
0.020000,4.433648,6.751528,3.907316,1.573595,-0.049185,-0.022350,3.043789
0.020000,4.402339,6.754522,3.938768,1.572603,-0.049616,-0.021548,3.048711
0.020000,4.371035,6.757361,3.970200,1.571602,-0.050027,-0.020533,3.053566
0.020000,4.339738,6.760048,4.001612,1.570594,-0.050405,-0.018936,3.058352
0.020000,4.308449,6.762584,4.033004,1.569579,-0.050760,-0.017751,3.063069
0.020000,4.277169,6.764972,4.064375,1.568557,-0.051092,-0.016594,3.067717
0.020000,4.245899,6.767214,4.095726,1.567529,-0.051402,-0.015468,3.072296
0.020000,4.214639,6.769313,4.127055,1.566495,-0.051689,-0.014373,3.076804
0.020000,4.183392,6.771270,4.158365,1.565456,-0.051955,-0.013310,3.081242
0.020000,4.152156,6.773089,4.189653,1.564412,-0.052201,-0.012280,3.085609
0.020000,4.120934,6.774771,4.220920,1.563363,-0.052427,-0.011284,3.089905
0.020000,4.089726,6.776319,4.252166,1.562311,-0.052633,-0.010321,3.094129
0.020000,4.058533,6.777736,4.283391,1.561254,-0.052821,-0.009393,3.098282
0.020000,4.027356,6.779023,4.314595,1.560195,-0.052991,-0.008499,3.102363
0.020000,3.996195,6.780183,4.345778,1.559132,-0.053144,-0.007641,3.106372
0.020000,3.965051,6.781219,4.376939,1.558066,-0.053280,-0.006817,3.110309
0.020000,3.933924,6.782133,4.408079,1.556998,-0.053401,-0.006027,3.114173
0.020000,3.902816,6.782927,4.439198,1.555928,-0.053506,-0.005273,3.117965
0.020000,3.871726,6.783604,4.470295,1.554856,-0.053597,-0.004553,3.121684
0.020000,3.840656,6.784165,4.501370,1.553783,-0.053674,-0.003868,3.125331
0.020000,3.809605,6.784615,4.532425,1.552708,-0.053739,-0.003216,3.128904
0.020000,3.778574,6.784954,4.563457,1.551632,-0.053791,-0.002599,3.132405
0.020000,3.747564,6.785186,4.594468,1.550555,-0.053831,-0.002014,3.135832
0.020000,3.716574,6.785312,4.625458,1.549478,-0.053860,-0.001463,3.139187
0.020000,3.685606,6.785336,4.656426,1.548401,-0.053879,-0.000944,3.142468
0.020000,3.654660,6.785259,4.687372,1.547323,-0.053888,-0.000456,3.145676
0.020000,3.623736,6.785084,4.718297,1.546245,-0.053888,-0.000000,3.148812
0.020000,3.592834,6.784813,4.749201,1.545167,-0.053880,0.000426,3.151874
0.020000,3.561954,6.784449,4.780082,1.544090,-0.053863,0.000821,3.154863
0.020000,3.531097,6.783995,4.810943,1.543013,-0.053840,0.001188,3.157779
0.020000,3.500263,6.783451,4.841781,1.541937,-0.053809,0.001526,3.160623
0.020000,3.469452,6.782822,4.872599,1.540862,-0.053772,0.001836,3.163393
0.020000,3.438665,6.782109,4.903394,1.539787,-0.053730,0.002119,3.166090
0.020000,3.407901,6.781315,4.934169,1.538713,-0.053682,0.002375,3.168715
0.020000,3.377160,6.780441,4.964922,1.537641,-0.053630,0.002606,3.171267
0.020000,3.346444,6.779491,4.995653,1.536569,-0.053574,0.002813,3.173746
0.020000,3.315751,6.778467,5.026363,1.535499,-0.053514,0.002995,3.176153
0.020000,3.285082,6.777371,5.057051,1.534430,-0.053451,0.003154,3.178487
0.020000,3.254437,6.776204,5.087719,1.533362,-0.053385,0.003290,3.180749
0.020000,3.223816,6.774971,5.118365,1.532296,-0.053317,0.003405,3.182939
0.020000,3.193218,6.773673,5.148989,1.531231,-0.053247,0.003499,3.185056
0.020000,3.162646,6.772312,5.179592,1.530120,-0.055549,-0.115101,3.187101
0.020000,3.132104,6.770890,5.210167,1.528760,-0.068013,-0.623193,3.189074
0.020000,3.101600,6.769412,5.240707,1.526994,-0.088275,-1.013103,3.190974
0.020000,3.071142,6.767878,5.271203,1.524825,-0.108481,-1.010294,3.192801
0.020000,3.040738,6.766293,5.301648,1.522252,-0.128631,-1.007486,3.194555
0.020000,3.010397,6.764659,5.332034,1.519278,-0.148725,-1.004709,3.196236
0.020000,2.980125,6.762979,5.362352,1.515902,-0.168764,-1.001964,3.197843
0.020000,2.949932,6.761255,5.392594,1.512127,-0.188749,-0.999251,3.199376
0.020000,2.919825,6.759491,5.422754,1.507954,-0.208681,-0.996573,3.200837
0.020000,2.889811,6.757690,5.452821,1.503382,-0.228559,-0.993929,3.202224
0.020000,2.859899,6.755854,5.482789,1.498415,-0.248386,-0.991321,3.203539
0.020000,2.830096,6.753987,5.512650,1.493051,-0.268176,-0.989500,3.204780
0.020000,2.800411,6.752091,5.542396,1.487293,-0.287906,-0.986525,3.205950
0.020000,2.770851,6.750169,5.572019,1.481142,-0.307560,-0.982690,3.207048
0.020000,2.741423,6.748225,5.601511,1.474598,-0.327185,-0.981236,3.208074
0.020000,2.712135,6.746261,5.630864,1.467663,-0.346761,-0.978833,3.209030
0.020000,2.682996,6.744280,5.660071,1.460336,-0.366335,-0.978690,3.209916
0.020000,2.654012,6.742284,5.689124,1.452621,-0.385770,-0.971744,3.210733
0.020000,2.625191,6.740277,5.718014,1.444517,-0.405206,-0.971805,3.211480
0.020000,2.596542,6.738262,5.746734,1.436024,-0.424644,-0.971876,3.212161
0.020000,2.568071,6.736241,5.775277,1.427145,-0.443938,-0.964734,3.212774
0.020000,2.539785,6.734216,5.803635,1.417880,-0.463273,-0.966709,3.213321
0.020000,2.511694,6.732191,5.831799,1.408229,-0.482512,-0.961972,3.213803
0.020000,2.483803,6.730167,5.859763,1.398195,-0.501744,-0.961613,3.214222
0.020000,2.456121,6.728148,5.887519,1.387777,-0.520898,-0.957694,3.214578
0.020000,2.428655,6.726135,5.915058,1.376975,-0.540057,-0.957949,3.214872
0.020000,2.401413,6.724132,5.942374,1.365793,-0.559128,-0.953555,3.215106
0.020000,2.374402,6.722141,5.969459,1.354229,-0.578186,-0.952864,3.215280
0.020000,2.347629,6.720162,5.996305,1.342285,-0.597204,-0.950925,3.215397
0.020000,2.321102,6.718200,6.022904,1.329962,-0.616177,-0.948674,3.215458
0.020000,2.294829,6.716256,6.049249,1.317259,-0.635115,-0.946858,3.215464
0.020000,2.268816,6.714331,6.075333,1.304179,-0.654018,-0.945146,3.215416
0.020000,2.243072,6.712428,6.101147,1.290721,-0.672885,-0.943353,3.215317
0.020000,2.217604,6.710549,6.126685,1.276887,-0.691717,-0.941633,3.215167
0.020000,2.192418,6.708695,6.151938,1.262677,-0.710517,-0.939990,3.214969
0.020000,2.167523,6.706868,6.176900,1.248091,-0.729280,-0.938165,3.214723
0.020000,2.142926,6.705070,6.201563,1.233131,-0.748010,-0.936494,3.214433
0.020000,2.118635,6.703301,6.225919,1.217796,-0.766725,-0.935735,3.214098
0.020000,2.094656,6.701564,6.249960,1.202088,-0.785397,-0.933619,3.213723
0.020000,2.070997,6.699859,6.273680,1.186008,-0.804030,-0.931642,3.213307
0.020000,2.047666,6.698188,6.297072,1.169554,-0.822670,-0.931974,3.212853
0.020000,2.024669,6.696552,6.320126,1.152729,-0.841246,-0.928814,3.212363
0.020000,2.002015,6.694952,6.342837,1.135533,-0.859815,-0.928470,3.211839
0.020000,1.979710,6.693389,6.365196,1.117966,-0.878372,-0.927849,3.211283
0.020000,1.957763,6.691864,6.387197,1.100028,-0.896889,-0.925859,3.210697
0.020000,1.936180,6.690376,6.408831,1.081720,-0.915387,-0.924876,3.210082
0.020000,1.914968,6.688928,6.430092,1.063043,-0.933867,-0.924016,3.209442
0.020000,1.894136,6.687519,6.450972,1.043996,-0.952333,-0.923283,3.208777
0.020000,1.873690,6.686150,6.471463,1.024580,-0.970787,-0.922680,3.208091
0.020000,1.853638,6.684822,6.491559,1.004796,-0.989231,-0.922210,3.207385
0.020000,1.833986,6.683534,6.511253,0.984689,-1.005343,-0.805624,3.206661
0.020000,1.814738,6.682287,6.530542,0.964457,-1.011578,-0.311750,3.205921
0.020000,1.795891,6.681080,6.549427,0.944252,-1.010253,0.066259,3.205168
0.020000,1.777447,6.679913,6.567909,0.924074,-1.008934,0.065964,3.204402
0.020000,1.759403,6.678785,6.585987,0.903921,-1.007612,0.066108,3.203626
0.020000,1.741761,6.677696,6.603663,0.883794,-1.006383,0.061417,3.202842
0.020000,1.724519,6.676646,6.620937,0.863691,-1.005138,0.062270,3.202050
0.020000,1.707677,6.675633,6.637809,0.843612,-1.003924,0.060712,3.201253
0.020000,1.691235,6.674658,6.654280,0.823558,-1.002741,0.059121,3.200453
0.020000,1.675192,6.673719,6.670351,0.803526,-1.001591,0.057501,3.199650
0.020000,1.659548,6.672816,6.686021,0.783517,-1.000433,0.057923,3.198846
0.020000,1.644302,6.671948,6.701292,0.763530,-0.999336,0.054832,3.198044
0.020000,1.629454,6.671115,6.716163,0.743565,-0.998295,0.052051,3.197244
0.020000,1.615004,6.670316,6.730636,0.723621,-0.997178,0.055871,3.196448
0.020000,1.600950,6.669549,6.744709,0.703697,-0.996203,0.048753,3.195656
0.020000,1.587294,6.668816,6.758385,0.683793,-0.995205,0.049894,3.194872
0.020000,1.574035,6.668114,6.771663,0.663908,-0.994218,0.049313,3.194095
0.020000,1.561171,6.667443,6.784544,0.644043,-0.993258,0.048015,3.193327
0.020000,1.548704,6.666802,6.797028,0.624196,-0.992358,0.044998,3.192570
0.020000,1.536632,6.666190,6.809116,0.604367,-0.991451,0.045357,3.191824
0.020000,1.524955,6.665608,6.820807,0.584555,-0.990605,0.042305,3.191091
0.020000,1.513674,6.665053,6.832102,0.564759,-0.989786,0.040937,3.190372
0.020000,1.502787,6.664525,6.843002,0.544980,-0.988958,0.041417,3.189668
0.020000,1.492295,6.664024,6.853506,0.525217,-0.988162,0.039811,3.188980
0.020000,1.482197,6.663549,6.863615,0.505468,-0.987434,0.036389,3.188309
0.020000,1.472491,6.663098,6.873331,0.485779,-0.984453,0.149058,3.187656
0.020000,1.463174,6.662671,6.882658,0.466347,-0.971607,0.642260,3.187021
0.020000,1.454237,6.662268,6.891604,0.447319,-0.951409,1.009927,3.186406
0.020000,1.445672,6.661886,6.900178,0.428695,-0.931183,1.011303,3.185809
0.020000,1.437470,6.661526,6.908388,0.410475,-0.911005,1.008913,3.185233
0.020000,1.429624,6.661185,6.916241,0.392658,-0.890872,1.006622,3.184676
0.020000,1.422126,6.660864,6.923746,0.375242,-0.870766,1.005313,3.184138
0.020000,1.414968,6.660561,6.930910,0.358229,-0.850674,1.004610,3.183621
0.020000,1.408142,6.660276,6.937742,0.341615,-0.830708,0.998263,3.183123
0.020000,1.401639,6.660007,6.944250,0.325401,-0.810684,1.001202,3.182645
0.020000,1.395453,6.659755,6.950442,0.309587,-0.790720,0.998222,3.182188
0.020000,1.389574,6.659517,6.956326,0.294171,-0.770796,0.996183,3.181749
0.020000,1.383995,6.659294,6.961909,0.279152,-0.750928,0.993416,3.181331
0.020000,1.378709,6.659085,6.967199,0.264533,-0.730974,0.997709,3.180932
0.020000,1.373707,6.658889,6.972205,0.250309,-0.711188,0.989276,3.180552
0.020000,1.368981,6.658706,6.976935,0.236482,-0.691361,0.991349,3.180192
0.020000,1.364523,6.658534,6.981396,0.223051,-0.671556,0.990261,3.179850
0.020000,1.360326,6.658374,6.985596,0.210015,-0.651777,0.988980,3.179526
0.020000,1.356381,6.658225,6.989544,0.197375,-0.632021,0.987778,3.179220
0.020000,1.352681,6.658087,6.993246,0.185129,-0.612288,0.986653,3.178933
0.020000,1.349218,6.657958,6.996712,0.173277,-0.592576,0.985601,3.178662
0.020000,1.345984,6.657838,6.999948,0.161820,-0.572883,0.984621,3.178409
0.020000,1.342970,6.657727,7.002964,0.150757,-0.553135,0.987430,3.178172
0.020000,1.340171,6.657625,7.005765,0.140086,-0.533536,0.979924,3.177951
0.020000,1.337576,6.657531,7.008361,0.129808,-0.513897,0.981974,3.177746
0.020000,1.335179,6.657445,7.010760,0.119925,-0.494156,0.987062,3.177555
0.020000,1.332972,6.657366,7.012969,0.110432,-0.474642,0.975661,3.177380
0.020000,1.330947,6.657293,7.014995,0.101334,-0.454930,0.985640,3.177218
0.020000,1.329095,6.657227,7.016848,0.092625,-0.435414,0.975799,3.177071
0.020000,1.327410,6.657168,7.018534,0.084311,-0.415704,0.985461,3.176936
0.020000,1.325883,6.657114,7.020062,0.076387,-0.396214,0.974508,3.176813
0.020000,1.324507,6.657065,7.021439,0.068855,-0.376591,0.981145,3.176703
0.020000,1.323273,6.657022,7.022673,0.061715,-0.356988,0.980151,3.176604
0.020000,1.322175,6.656984,7.023772,0.054966,-0.337469,0.975948,3.176515
0.020000,1.321203,6.656950,7.024745,0.048608,-0.317900,0.978488,3.176437
0.020000,1.320351,6.656920,7.025597,0.042642,-0.298309,0.979512,3.176368
0.020000,1.319610,6.656894,7.026339,0.037067,-0.278758,0.977586,3.176308
0.020000,1.318973,6.656872,7.026976,0.031882,-0.259232,0.976303,3.176257
0.020000,1.318431,6.656853,7.027518,0.027088,-0.239682,0.977474,3.176213
0.020000,1.317978,6.656838,7.027972,0.022686,-0.220136,0.977296,3.176176
0.020000,1.317605,6.656825,7.028345,0.018674,-0.200593,0.977146,3.176146
0.020000,1.317304,6.656814,7.028646,0.015053,-0.181053,0.977021,3.176122
0.020000,1.317067,6.656806,7.028883,0.011823,-0.161515,0.976919,3.176102
0.020000,1.316888,6.656800,7.029063,0.008983,-0.141978,0.976838,3.176088
0.020000,1.316757,6.656796,7.029193,0.006534,-0.122442,0.976775,3.176077
0.020000,1.316668,6.656792,7.029283,0.004476,-0.102908,0.976728,3.176070
0.020000,1.316612,6.656791,7.029339,0.002809,-0.083374,0.976695,3.176066
0.020000,1.316581,6.656789,7.029370,0.001532,-0.063840,0.976673,3.176063
0.020000,1.316568,6.656789,7.029382,0.000646,-0.044307,0.976660,3.176062
0.020000,1.316565,6.656789,7.029385,0.000150,-0.024774,0.976653,3.176062
0.020000,1.316565,6.656789,7.029385,0.000000,-0.007504,0.863515,3.176062
